id,snp_id,genotype
S001,SNP01,AB
S001,SNP02,BB
S001,SNP03,BB
S001,SNP05,AB
S001,SNP06,AA
S001,SNP07,AB
S001,SNP08,AA
S001,SNP09,AA
S001,SNP10,AA
S002,SNP01,BB
S002,SNP02,AB
S002,SNP03,AB
S002,SNP04,AB
S002,SNP05,AB
S002,SNP07,AA
S002,SNP08,AB
S002,SNP09,BB
S002,SNP10,BB
S003,SNP01,AB
S003,SNP02,BB
S003,SNP03,AB
S003,SNP04,BB
S003,SNP05,AB
S003,SNP06,AB
S003,SNP07,BB
S003,SNP08,AB
S003,SNP09,BB
S003,SNP10,BB
S004,SNP01,AB
S004,SNP02,AA
S004,SNP03,AA
S004,SNP04,BB
S004,SNP05,AB
S004,SNP06,AB
S004,SNP07,BB
S004,SNP08,AB
S004,SNP09,AB
S004,SNP10,AB
S005,SNP01,BB
S005,SNP02,BB
S005,SNP03,AB
S005,SNP04,AA
S005,SNP05,AB
S005,SNP06,AB
S005,SNP07,AA
S005,SNP08,AA
S006,SNP02,AB
S006,SNP03,AB
S006,SNP04,BB
S006,SNP05,AB
S006,SNP06,AB
S006,SNP07,BB
S006,SNP08,AB
S006,SNP09,AA
S006,SNP10,AB
S007,SNP01,AB
S007,SNP02,AB
S007,SNP03,AB
S007,SNP05,AA
S007,SNP06,BB
S007,SNP07,BB
S007,SNP08,AB
S007,SNP09,AA
S007,SNP10,BB
S008,SNP01,BB
S008,SNP02,AB
S008,SNP03,BB
S008,SNP04,BB
S008,SNP05,AB
S008,SNP06,AB
S008,SNP07,AB
S008,SNP08,AA
S008,SNP09,AB
S009,SNP01,AB
S009,SNP02,AB
S009,SNP03,AB
S009,SNP04,AB
S009,SNP10,AB
S010,SNP01,AB
S010,SNP02,AB
S010,SNP03,AB
S010,SNP04,AB
S010,SNP05,BB
S010,SNP06,BB
S010,SNP07,AB
S010,SNP08,AB
S010,SNP09,AB
S010,SNP10,BB
S011,SNP01,AB
S011,SNP02,AB
S011,SNP03,AA
S011,SNP04,BB
S011,SNP05,AB
S011,SNP06,AB
S011,SNP07,AB
S011,SNP08,AA
S011,SNP09,AB
S011,SNP10,BB
S012,SNP01,AB
S012,SNP02,AB
S012,SNP03,BB
S012,SNP04,AB
S012,SNP05,AB
S012,SNP06,BB
S012,SNP07,AA
S012,SNP08,AA
S012,SNP09,AA
S012,SNP10,BB
S013,SNP01,AB
S013,SNP02,BB
S013,SNP03,AB
S013,SNP04,AA
S013,SNP05,AB
S013,SNP06,AA
S013,SNP07,BB
S013,SNP08,BB
S013,SNP10,AB
S014,SNP01,AB
S014,SNP02,AA
S014,SNP03,BB
S014,SNP04,AA
S014,SNP08,BB
S014,SNP09,BB
S014,SNP10,BB
S015,SNP01,AA
S015,SNP02,AB
S015,SNP03,AA
S015,SNP04,BB
S015,SNP05,AB
S015,SNP06,AB
S015,SNP07,BB
S016,SNP01,AA
S016,SNP08,AB
S016,SNP09,BB
S016,SNP10,AB
S017,SNP01,AA
S017,SNP02,AB
S017,SNP03,AB
S017,SNP04,BB
S017,SNP05,AB
S017,SNP08,AB
S017,SNP09,AB
S017,SNP10,AB
S018,SNP01,AA
S018,SNP02,AB
S018,SNP03,AB
S018,SNP04,BB
S018,SNP05,AA
S018,SNP08,AB
S018,SNP09,BB
S018,SNP10,AB
S019,SNP01,BB
S019,SNP02,BB
S019,SNP03,AB
S019,SNP04,AA
S019,SNP05,AA
S019,SNP06,AB
S019,SNP07,AB
S019,SNP08,AA
S019,SNP09,AB
S019,SNP10,BB
S020,SNP01,AA
S020,SNP02,AB
S020,SNP03,BB
S020,SNP04,AB
S020,SNP05,AB
S020,SNP06,AA
S020,SNP07,AB
S020,SNP08,AB
S020,SNP09,BB
S020,SNP10,AB
S021,SNP01,BB
S021,SNP02,BB
S021,SNP03,AA
S021,SNP04,AA
S021,SNP05,AB
S021,SNP06,BB
S021,SNP07,AA
S021,SNP08,AB
S021,SNP09,AB
S021,SNP10,BB
S022,SNP01,AA
S022,SNP02,AA
S022,SNP03,AB
S022,SNP04,AB
S022,SNP05,AB
S022,SNP06,AB
S022,SNP07,AA
S022,SNP08,AB
S022,SNP09,AB
S022,SNP10,AB
S023,SNP01,AA
S023,SNP02,AA
S023,SNP03,AA
S023,SNP04,BB
S023,SNP05,AA
S023,SNP06,AB
S023,SNP07,AB
S023,SNP08,AB
S023,SNP09,AB
S023,SNP10,AB
S024,SNP01,AB
S024,SNP02,AA
S024,SNP03,AB
S024,SNP04,AA
S024,SNP05,BB
S024,SNP06,AB
S024,SNP07,AA
S024,SNP08,AB
S024,SNP09,AB
S024,SNP10,BB
S025,SNP01,AB
S025,SNP02,AB
S025,SNP03,AA
S025,SNP04,AB
S025,SNP05,AB
S025,SNP06,AB
S025,SNP07,AB
S025,SNP08,AB
S025,SNP09,AB
S025,SNP10,AB
S026,SNP01,AA
S026,SNP02,AB
S026,SNP03,AB
S026,SNP04,AB
S026,SNP05,AA
S026,SNP06,AB
S026,SNP07,AB
S026,SNP08,AB
S026,SNP09,BB
S026,SNP10,BB
S027,SNP01,AA
S027,SNP02,AB
S027,SNP03,AA
S027,SNP04,AB
S027,SNP05,AB
S027,SNP06,AB
S027,SNP07,AB
S027,SNP08,BB
S027,SNP09,AB
S027,SNP10,AB
S028,SNP01,BB
S028,SNP02,AA
S028,SNP03,AB
S028,SNP08,AB
S028,SNP09,AB
S028,SNP10,AB
S029,SNP01,AB
S029,SNP02,AA
S029,SNP03,AA
S029,SNP04,AB
S029,SNP05,AA
S029,SNP06,AA
S029,SNP07,AB
S029,SNP08,AB
S029,SNP09,AB
S029,SNP10,BB
S030,SNP01,AA
S030,SNP02,AA
S030,SNP04,AB
S030,SNP05,BB
S030,SNP06,AB
S030,SNP07,AB
S030,SNP08,BB
S030,SNP09,AA
S030,SNP10,BB
S031,SNP01,AB
S031,SNP02,BB
S031,SNP03,AB
S031,SNP04,AA
S031,SNP05,AB
S031,SNP06,AB
S031,SNP07,AB
S031,SNP08,AB
S031,SNP09,AB
S031,SNP10,AA
S032,SNP01,AB
S032,SNP02,AB
S032,SNP03,AA
S032,SNP04,AA
S032,SNP05,AA
S032,SNP06,BB
S032,SNP07,AA
S032,SNP08,AB
S032,SNP09,BB
S032,SNP10,AA
S033,SNP01,AA
S033,SNP02,BB
S033,SNP03,AB
S033,SNP04,AA
S033,SNP05,BB
S033,SNP06,AB
S033,SNP07,AB
S033,SNP08,BB
S033,SNP09,AA
S033,SNP10,AB
S034,SNP01,AB
S034,SNP02,BB
S034,SNP03,AB
S034,SNP04,AB
S034,SNP05,AB
S034,SNP06,BB
S034,SNP07,AA
S034,SNP08,BB
S034,SNP09,AB
S034,SNP10,BB
S035,SNP01,BB
S035,SNP02,AB
S035,SNP03,AB
S035,SNP04,AA
S035,SNP05,AB
S035,SNP06,AB
S035,SNP07,BB
S035,SNP08,BB
S035,SNP09,AB
S035,SNP10,AB
S036,SNP01,AB
S036,SNP02,AB
S036,SNP03,AB
S036,SNP04,AB
S036,SNP05,AB
S036,SNP06,BB
S036,SNP07,AB
S036,SNP08,BB
S036,SNP09,AA
S036,SNP10,BB
S037,SNP01,BB
S037,SNP02,AB
S037,SNP03,AA
S037,SNP04,BB
S037,SNP05,AB
S037,SNP06,AA
S037,SNP07,AB
S037,SNP08,AB
S037,SNP09,AB
S037,SNP10,BB
S038,SNP01,AA
S038,SNP02,AA
S038,SNP03,AB
S038,SNP04,BB
S038,SNP05,BB
S038,SNP06,BB
S038,SNP07,BB
S038,SNP08,AB
S038,SNP09,AA
S038,SNP10,BB
S039,SNP01,AB
S039,SNP02,AB
S039,SNP03,AB
S039,SNP04,AB
S039,SNP05,AA
S039,SNP06,AB
S039,SNP07,AB
S039,SNP08,AB
S039,SNP09,AB
S039,SNP10,BB
S040,SNP01,AA
S040,SNP02,AA
S040,SNP03,AB
S040,SNP04,BB
S040,SNP05,AB
S040,SNP06,BB
S040,SNP07,AB
S040,SNP08,AA
S040,SNP09,AB
S040,SNP10,AA
S041,SNP01,BB
S041,SNP02,AA
S041,SNP03,BB
S041,SNP04,AB
S041,SNP05,AB
S041,SNP06,AB
S041,SNP07,AB
S041,SNP08,BB
S041,SNP09,AA
S042,SNP03,BB
S042,SNP04,AA
S042,SNP05,BB
S042,SNP06,AB
S042,SNP07,AB
S042,SNP08,AA
S042,SNP09,AA
S042,SNP10,AB
S043,SNP01,AB
S043,SNP02,AB
S043,SNP03,AA
S043,SNP04,AB
S043,SNP05,AB
S043,SNP06,AA
S043,SNP07,AA
S043,SNP08,AB
S043,SNP09,AB
S043,SNP10,AB
S044,SNP01,AA
S044,SNP02,BB
S044,SNP03,AA
S044,SNP04,AB
S044,SNP05,BB
S044,SNP06,AB
S044,SNP07,AA
S044,SNP08,BB
S044,SNP09,AA
S044,SNP10,AA
S045,SNP01,AB
S045,SNP02,AB
S045,SNP03,AA
S045,SNP04,AA
S045,SNP05,BB
S045,SNP06,AA
S045,SNP07,BB
S045,SNP08,AB
S045,SNP09,AB
S045,SNP10,BB
S046,SNP01,AA
S046,SNP02,AA
S046,SNP03,AA
S046,SNP04,BB
S046,SNP08,AB
S046,SNP09,AA
S046,SNP10,AB
S047,SNP01,AA
S047,SNP02,AA
S047,SNP03,AB
S047,SNP04,BB
S047,SNP05,AB
S047,SNP06,BB
S047,SNP07,BB
S047,SNP08,AB
S047,SNP09,BB
S047,SNP10,AA
S048,SNP01,BB
S048,SNP02,BB
S048,SNP03,BB
S048,SNP04,AB
S048,SNP05,BB
S048,SNP06,AB
S048,SNP07,AB
S048,SNP08,BB
S048,SNP09,BB
S048,SNP10,BB
S049,SNP01,AA
S049,SNP02,AB
S049,SNP03,BB
S049,SNP04,BB
S049,SNP05,AB
S049,SNP06,AB
S049,SNP07,BB
S049,SNP08,AB
S049,SNP09,AA
S049,SNP10,AB
S050,SNP01,AB
S050,SNP02,AA
S050,SNP03,AB
S050,SNP04,AB
S050,SNP05,AB
S050,SNP07,BB
S050,SNP08,AA
S050,SNP09,AB
S050,SNP10,BB
