"carat","cut","color","clarity","depth","table","price","x","y","z"
1.83,"Fair","H","I1",68,57,6887,7.47,7.44,5.07
0.36,"Ideal","F","VS1",60.1,57,1013,4.67,4.62,2.79
0.99,"Very Good","G","SI1",62.8,56,4863,6.34,6.36,3.99
0.3,"Ideal","H","VS1",62.2,57,545,4.28,4.31,2.67
0.3,"Ideal","D","VVS2",61.6,57,814,4.31,4.32,2.66
0.53,"Ideal","F","VS2",61.1,56,1753,5.26,5.22,3.2
0.53,"Very Good","G","VVS2",62.2,54,1827,5.19,5.23,3.23
0.23,"Very Good","E","VVS2",59.4,61,505,4.01,4.04,2.39
0.32,"Ideal","G","IF",62.2,53,918,4.41,4.43,2.75
0.31,"Ideal","I","IF",62.2,54,652,4.36,4.39,2.72
1.2,"Very Good","F","SI1",63.1,58,5638,6.75,6.68,4.24
0.35,"Fair","F","VVS1",54.6,59,1011,4.85,4.79,2.63
1.8,"Premium","I","SI1",61.9,60,11948,7.78,7.74,4.8
2.14,"Premium","G","SI2",60.4,59,17513,8.32,8.38,5.04
1.2,"Very Good","H","VS1",62,57,6177,6.77,6.81,4.21
1.09,"Ideal","H","SI1",62.3,57,5149,6.58,6.54,4.09
1.21,"Ideal","G","VS1",62,55,9287,6.84,6.88,4.25
0.4,"Premium","E","SI2",62.9,58,855,4.74,4.7,2.97
0.32,"Ideal","E","VS1",59.9,55,758,4.46,4.49,2.68
0.59,"Very Good","F","SI1",63.1,57,2124,5.39,5.36,3.39
0.55,"Ideal","G","VS2",60.4,56,1854,5.38,5.31,3.23
0.4,"Good","F","IF",63.5,58,1404,4.69,4.7,2.98
0.71,"Premium","E","SI1",59.1,60,2441,5.87,5.84,3.46
1.09,"Ideal","H","SI1",62.5,56,5125,6.53,6.58,4.1
1.59,"Very Good","I","SI1",62.4,56,9925,7.46,7.48,4.66
0.3,"Premium","G","IF",58.4,62,1071,4.43,4.4,2.58
0.54,"Ideal","H","VVS1",61.8,55,1846,5.21,5.24,3.23
0.92,"Very Good","D","I1",63,58,2674,6.13,6.18,3.88
1,"Good","F","SI2",63.8,58,4081,6.28,6.33,4.02
1.52,"Ideal","G","VVS2",60.6,57,15760,7.45,7.49,4.52
0.33,"Ideal","H","VVS2",60.9,57,854,4.52,4.48,2.74
0.71,"Ideal","E","VS2",62.5,56,3304,5.69,5.71,3.56
0.7,"Good","I","VVS2",63.3,55,2394,5.61,5.67,3.57
1.07,"Premium","G","VS2",62.5,57,6644,6.58,6.5,4.09
0.47,"Ideal","E","VS1",61.2,56,1872,5.01,5.05,3.08
1.91,"Premium","I","SI1",60.9,53,13367,8.11,8.07,4.93
1.01,"Ideal","E","SI1",61.8,57,5262,6.39,6.49,3.98
1.02,"Ideal","D","VVS2",62,56,11167,6.48,6.43,4
1,"Premium","F","VS2",62.6,60,6468,6.37,6.29,3.96
2.4,"Premium","J","SI1",59.7,58,15920,8.75,8.71,5.21
1.2,"Ideal","G","VVS2",62.2,56,9373,6.76,6.81,4.22
1.01,"Good","G","SI2",61.1,62,3948,6.38,6.48,3.93
0.3,"Very Good","G","VS2",62.1,57,484,4.27,4.29,2.66
0.54,"Ideal","H","SI1",61.1,56,1268,5.25,5.27,3.21
1.02,"Ideal","H","SI2",60.5,57,4375,6.56,6.52,3.95
0.31,"Good","F","VS2",63.9,56,802,4.32,4.29,2.75
2.21,"Premium","H","SI1",61.1,58,13983,8.39,8.34,5.11
0.95,"Premium","H","SI2",58.8,60,3652,6.45,6.38,3.77
1.74,"Ideal","D","SI2",59.7,55,9880,7.9,7.84,4.7
0.53,"Ideal","G","VVS2",62.5,54,1914,5.21,5.19,3.25
0.31,"Ideal","I","VVS1",62.7,53,557,4.33,4.35,2.72
0.81,"Ideal","H","VS2",61.6,56,3084,6.03,5.98,3.7
0.31,"Ideal","J","SI1",61.3,56,418,4.37,4.4,2.69
0.31,"Premium","E","VVS2",61.4,60,1046,4.36,4.34,2.67
0.7,"Fair","G","VVS2",64.5,61,2595,5.43,5.52,3.53
0.41,"Ideal","G","IF",61.7,56,1367,4.77,4.8,2.95
1.02,"Premium","H","SI1",61.1,58,5084,6.51,6.46,3.96
1,"Very Good","G","VVS2",64.9,57,6818,6.21,6.28,4.05
0.5,"Very Good","G","VS1",63.2,59,1580,5.03,5.07,3.19
1.26,"Ideal","F","VS2",61.2,57,9999,6.96,6.99,4.27
0.25,"Very Good","E","VVS1",60.2,59,575,4.11,4.13,2.48
0.43,"Premium","G","IF",61.1,58,1433,4.86,4.89,2.98
0.3,"Very Good","F","VS2",58.8,60,524,4.37,4.41,2.58
1.5,"Premium","G","VS2",62.5,59,12787,7.27,7.23,4.53
1.51,"Good","G","SI1",63.1,56,9258,7.2,7.28,4.57
1.22,"Premium","I","SI1",61.2,59,5368,6.86,6.9,4.21
0.7,"Very Good","E","VS1",62.7,60,2671,5.59,5.64,3.52
0.32,"Ideal","E","VVS2",61.5,56,816,4.43,4.45,2.73
0.52,"Ideal","D","SI1",61.5,55,1720,5.22,5.19,3.2
0.36,"Ideal","E","VS1",61.8,56,1094,4.6,4.56,2.83
1,"Premium","E","VVS2",61.6,59,9050,6.46,6.42,3.97
0.9,"Good","G","SI1",63.2,62,3574,6.09,6.19,3.88
1.09,"Ideal","I","SI2",60.3,57,4315,6.64,6.7,4.02
0.53,"Ideal","H","VS2",61.7,56,1435,5.17,5.21,3.2
0.43,"Ideal","G","IF",61.3,56,1318,4.86,4.9,2.99
0.81,"Good","G","SI2",61,61,2789,5.94,5.99,3.64
0.41,"Ideal","H","SI1",61.2,57,876,4.78,4.76,2.92
0.9,"Ideal","H","VS1",62.1,56,5013,6.15,6.2,3.83
0.4,"Ideal","I","VVS2",61.8,56,970,4.76,4.79,2.95
1.71,"Ideal","G","VS1",62.2,55,17595,7.72,7.65,4.78
1.2,"Premium","I","SI1",61.7,56,4872,6.82,6.76,4.19
0.7,"Premium","H","VS1",62.8,60,2367,5.61,5.56,3.51
0.78,"Very Good","I","SI2",62.5,58,2132,5.82,5.89,3.66
1.33,"Premium","I","SI2",62.4,58,5832,7.04,7.02,4.39
1.5,"Very Good","I","SI1",63.1,59,8291,7.16,7.23,4.54
1.02,"Premium","H","VS2",61,58,5666,6.56,6.49,3.98
1,"Ideal","D","SI1",60.5,57,5775,6.48,6.52,3.93
0.7,"Fair","D","SI1",66.5,55,2339,5.51,5.47,3.65
1.01,"Good","G","VS1",64,60,6509,6.29,6.33,4.04
0.7,"Good","D","VS2",63.4,57,2960,5.6,5.67,3.57
0.31,"Very Good","F","VS1",60.6,55,675,4.41,4.43,2.67
0.43,"Premium","F","SI2",60.2,60,679,4.85,4.91,2.94
0.39,"Ideal","G","VS1",62.6,55,1077,4.69,4.66,2.93
0.3,"Premium","H","SI1",59.5,62,540,4.35,4.32,2.58
1.06,"Ideal","F","I1",61.8,55,3544,6.55,6.58,4.06
0.9,"Ideal","F","SI1",61.7,57,4657,6.25,6.2,3.84
0.3,"Good","H","SI1",63.7,57,432,4.26,4.28,2.72
1.7,"Ideal","J","VS2",62.2,56,9276,7.64,7.61,4.74
0.54,"Ideal","G","VVS2",61.5,54,2090,5.26,5.24,3.23
0.27,"Ideal","E","VVS2",61.8,57,799,4.16,4.12,2.56
1.01,"Ideal","F","SI2",62.1,55,4458,6.42,6.47,4
0.37,"Ideal","E","VS2",61.5,56,811,4.59,4.62,2.83
0.4,"Ideal","G","SI1",62,55,692,4.72,4.76,2.94
1.52,"Good","J","SI1",63.6,60,6897,7.21,7.25,4.6
0.38,"Very Good","F","SI2",60.1,60,644,4.7,4.75,2.84
0.55,"Ideal","E","VS1",61.2,57,2001,5.28,5.3,3.24
1.55,"Very Good","H","VS2",63.3,56,10546,7.38,7.32,4.65
1.51,"Good","D","I1",57,64,5979,7.48,7.53,4.28
0.4,"Very Good","E","VS2",63,57,888,4.67,4.69,2.95
0.3,"Ideal","F","VS2",62,53.7,601,4.31,4.33,2.68
0.32,"Premium","I","VVS2",61.9,59,720,4.38,4.35,2.7
0.77,"Premium","F","VS1",60.9,60,2859,5.91,5.88,3.59
0.32,"Ideal","J","IF",62.2,56,533,4.37,4.41,2.73
0.76,"Very Good","H","VS2",58.7,61,2599,5.96,5.99,3.51
0.3,"Ideal","E","VVS2",60.2,57,789,4.37,4.4,2.64
0.31,"Ideal","F","SI1",62.3,56,663,4.35,4.32,2.7
1.51,"Premium","J","SI2",61.9,56,6712,7.44,7.29,4.56
1.05,"Very Good","H","SI1",63.2,59,5072,6.39,6.46,4.06
0.38,"Ideal","J","VS2",62.1,54,532,4.65,4.69,2.9
0.43,"Ideal","G","VS1",61.9,55,943,4.84,4.86,3
0.3,"Premium","I","VVS1",62.2,58,552,4.28,4.31,2.67
0.31,"Ideal","E","VS1",61.4,57,942,4.37,4.32,2.67
0.9,"Very Good","F","SI1",62.5,59,3954,6.06,6.13,3.81
0.55,"Premium","I","VVS1",61.3,59,1593,5.27,5.3,3.24
1.03,"Premium","H","VS2",60.9,58,5364,6.55,6.48,3.97
0.54,"Very Good","D","SI1",62.1,56,1662,5.22,5.25,3.25
0.43,"Ideal","G","IF",61.2,57,1433,4.81,4.86,2.96
0.7,"Very Good","I","SI2",60.9,59,1603,5.7,5.76,3.49
0.83,"Good","H","SI2",63.9,56,2337,5.99,5.93,3.81
0.32,"Very Good","F","VS2",61.1,58,645,4.39,4.42,2.69
0.35,"Premium","E","VS2",58.9,59,984,4.64,4.59,2.72
0.36,"Premium","F","SI1",61.1,59,770,4.59,4.55,2.79
1.01,"Good","F","VS2",63.9,58,6446,6.39,6.32,4.06
1.03,"Premium","G","SI1",60.5,60,5105,6.52,6.48,3.93
0.3,"Ideal","E","VS2",61.5,55,673,4.3,4.34,2.66
0.9,"Very Good","H","VS2",61.6,63,3810,6.14,6.1,3.77
0.72,"Premium","F","SI1",61.8,61,2777,5.82,5.71,3.56
1.51,"Premium","E","VS1",62.7,58,16669,7.33,7.25,4.57
0.4,"Ideal","D","VVS2",62,56,1263,4.71,4.74,2.93
0.34,"Very Good","E","VS1",62.3,53,784,4.47,4.52,2.8
1.23,"Premium","I","VS1",61.6,58,5632,6.9,6.84,4.23
0.3,"Very Good","E","SI1",63.2,56,675,4.3,4.27,2.71
0.53,"Premium","E","VS2",58.3,62,1727,5.31,5.26,3.08
1.05,"Premium","F","SI1",61.8,58,4445,6.51,6.44,4.01
0.41,"Premium","E","VS1",62.3,59,1153,4.76,4.74,2.96
0.55,"Ideal","E","SI1",60.9,56,1556,5.32,5.28,3.23
0.55,"Premium","H","VS2",60.2,59,1387,5.36,5.24,3.19
0.54,"Premium","D","VS2",61.7,58,1993,5.24,5.16,3.21
0.5,"Good","F","VS1",61.5,61,1613,5.01,5.07,3.1
1.02,"Ideal","I","VS1",60.2,57,4798,6.56,6.49,3.93
0.91,"Fair","D","VS2",65.7,56,4107,6.1,6.05,3.99
1.05,"Premium","G","VS1",61.8,58,6146,6.54,6.51,4.03
1,"Very Good","F","SI1",63.2,54,4088,6.3,6.23,3.96
0.32,"Ideal","G","VVS1",61.4,57,814,4.39,4.41,2.7
0.54,"Ideal","H","VVS2",60.9,57,1983,5.26,5.22,3.19
1.01,"Very Good","F","SI2",62.5,58,4690,6.39,6.41,4
1.01,"Fair","F","SI1",65.5,57,4634,6.12,6.22,4.04
0.43,"Premium","H","VS1",62.3,58,867,4.75,4.81,2.98
0.9,"Good","E","SI1",63.8,56,3510,6.09,6.17,3.91
0.5,"Premium","G","VS1",60.9,58,1746,5.23,5.09,3.14
0.31,"Good","G","VVS1",63.5,57,816,4.3,4.33,2.74
1.22,"Ideal","E","SI2",62.7,57,6343,6.84,6.81,4.28
1.06,"Premium","F","SI2",62.5,58,4719,6.54,6.41,4.05
1.27,"Very Good","H","VS2",62.6,57,7715,6.91,6.95,4.34
1.54,"Premium","G","VS2",61.6,59,12308,7.46,7.4,4.58
1.58,"Very Good","D","SI1",62.7,60,13869,7.37,7.41,4.63
0.7,"Premium","I","I1",62.3,58,1107,5.69,5.55,3.51
0.44,"Ideal","E","VS2",61.5,56,1003,4.9,4.92,3.02
1.01,"Ideal","E","VS2",61.5,57,7288,6.44,6.48,3.97
0.4,"Ideal","G","VS1",62.8,56,1125,4.7,4.67,2.94
0.36,"Ideal","E","VS2",61.9,56,789,4.56,4.59,2.83
0.77,"Ideal","F","VS1",60.9,58,3655,5.91,5.95,3.61
0.56,"Very Good","J","VS2",60.6,57,1232,5.35,5.38,3.25
1.26,"Ideal","G","SI1",59.6,57,6738,7.08,7.04,4.21
0.4,"Ideal","E","VS1",61.2,57,1053,4.74,4.77,2.91
1.19,"Very Good","H","SI1",60.8,59,5595,6.84,6.87,4.17
0.77,"Very Good","J","SI1",61,59,2086,5.94,5.99,3.64
1.06,"Ideal","H","SI2",59.4,57,4452,6.67,6.63,3.95
0.31,"Ideal","E","VS2",61,56,872,4.38,4.34,2.66
1.01,"Very Good","G","SI1",60.6,57,4916,6.49,6.52,3.94
0.91,"Very Good","F","SI1",63.1,60,3007,6.13,6.1,3.86
0.31,"Ideal","G","IF",61.7,56,891,4.34,4.38,2.69
0.9,"Good","G","SI2",63.3,59,3162,6.07,6.12,3.86
0.72,"Good","H","SI2",65.8,59,1945,5.51,5.58,3.65
0.73,"Ideal","I","VS2",61.6,55,2756,5.82,5.84,3.59
1.52,"Ideal","I","VS1",62.4,57,10641,7.32,7.36,4.58
1.4,"Very Good","G","VVS2",63.4,59,11624,7.12,7.04,4.49
0.27,"Ideal","F","VS2",60.3,56,577,4.24,4.27,2.56
1.24,"Very Good","F","VS1",59,60,9885,7,7.07,4.15
0.93,"Good","D","SI2",64.5,58,3839,6.11,6.14,3.95
0.34,"Premium","F","VS1",60.4,58,745,4.51,4.53,2.73
0.9,"Premium","D","SI1",61.8,59,4181,6.13,6.11,3.78
0.76,"Ideal","D","SI1",62,57,3306,5.88,5.92,3.66
0.43,"Very Good","D","SI1",61,57,774,4.85,4.88,2.97
1.23,"Premium","J","VS1",62.7,58,5412,6.79,6.82,4.27
1,"Very Good","F","SI1",61.4,60,4504,6.35,6.38,3.91
1.5,"Very Good","G","I1",60.3,61,5808,7.34,7.39,4.44
0.23,"Very Good","G","VVS1",61.5,56,484,3.92,3.96,2.42
1.11,"Premium","H","VS2",62,59,5395,6.66,6.59,4.11
2.01,"Premium","J","VS1",60.1,59,15185,8.25,8.18,4.94
1.08,"Ideal","E","VVS1",61,56,12098,6.66,6.62,4.05
0.3,"Ideal","E","VS2",62.2,56,658,4.28,4.3,2.67
1.52,"Very Good","J","VS2",63.1,61,7109,7.23,7.19,4.55
0.38,"Ideal","F","VS2",62.2,54,870,4.64,4.66,2.89
0.29,"Very Good","E","VS1",61.7,58,504,4.23,4.29,2.63
0.3,"Ideal","E","VS2",61.8,56,844,4.33,4.31,2.67
2.05,"Premium","J","VS1",62.4,58,14224,8.08,8.13,5.06
1.11,"Premium","H","SI2",60.4,59,3605,6.7,6.64,4.03
1.08,"Ideal","F","SI1",62.7,57,5327,6.52,6.49,4.08
0.34,"Ideal","D","VS2",62,55,1033,4.49,4.45,2.77
1.06,"Ideal","I","SI2",62.7,58,4591,6.48,6.5,4.07
0.9,"Very Good","G","VS2",62.4,61,4210,6.13,6.17,3.84
1.55,"Ideal","G","VS1",62,57,14174,7.37,7.42,4.58
0.51,"Ideal","E","SI2",62,56,1385,5.12,5.14,3.18
0.35,"Premium","E","VS2",61.6,58,767,4.52,4.57,2.8
1.2,"Ideal","D","VVS2",62.7,54,14033,6.8,6.82,4.27
0.7,"Premium","E","SI2",62.9,59,2307,5.67,5.59,3.54
1.52,"Premium","D","SI2",59.8,60,10433,7.42,7.5,4.46
0.42,"Ideal","G","IF",61.9,53,1289,4.83,4.87,3
0.92,"Ideal","F","SI1",62.8,56,4232,6.14,6.18,3.87
1.8,"Good","F","SI2",57.9,58,12308,8.13,8.08,4.69
0.74,"Ideal","I","VS1",60.7,55,2609,5.84,5.88,3.56
0.54,"Very Good","F","VS2",62,59,1889,5.16,5.22,3.22
0.51,"Very Good","G","VS1",61,56,1588,5.17,5.19,3.16
0.71,"Very Good","D","VVS2",62.3,60,3799,5.65,5.71,3.54
0.73,"Ideal","E","SI1",62.7,55,2852,5.7,5.79,3.6
0.3,"Ideal","H","VS2",60.9,58,491,4.29,4.32,2.62
0.27,"Ideal","D","VS2",60.2,57,470,4.19,4.21,2.53
0.7,"Good","E","SI2",63.5,56,2453,5.6,5.68,3.58
0.7,"Ideal","I","SI1",60.8,59,2083,5.74,5.78,3.5
1.15,"Premium","G","I1",61.2,58,3574,6.8,6.74,4.14
0.36,"Premium","G","VS1",62.2,59,726,4.53,4.57,2.83
0.33,"Ideal","H","IF",61.6,55,820,4.44,4.47,2.74
0.33,"Ideal","F","VS1",61.2,56,723,4.46,4.49,2.74
0.75,"Ideal","F","SI1",62.3,57,2744,5.82,5.77,3.61
0.31,"Ideal","D","SI2",62.1,57,462,4.32,4.34,2.69
1.2,"Premium","H","SI1",61.8,58,5669,6.8,6.72,4.18
1.08,"Very Good","F","VVS1",61,58,10204,6.64,6.61,4.04
1,"Premium","F","SI2",59.9,61,4333,6.46,6.42,3.86
1.69,"Premium","F","SI2",62.4,58,9275,7.65,7.57,4.75
2.02,"Very Good","J","VS2",62.6,58,13499,8.03,8.1,5.05
0.9,"Good","H","SI1",64.2,59,3290,6.05,6.01,3.87
0.9,"Good","F","SI1",63.3,60,3950,6.09,6.11,3.86
0.76,"Premium","E","SI1",61.6,59,2644,5.83,5.79,3.58
0.31,"Ideal","D","VS2",61.8,55,852,4.33,4.36,2.69
1.5,"Premium","H","VS2",61.8,59,11360,7.3,7.35,4.53
0.54,"Ideal","H","VS1",61.8,56,1709,5.21,5.25,3.23
0.54,"Ideal","E","VS2",61.6,56,1774,5.24,5.28,3.24
0.7,"Very Good","H","VS1",62.1,56,2422,5.65,5.68,3.52
0.9,"Fair","E","SI1",65.5,59,3508,6.06,6.03,3.96
0.42,"Very Good","D","VS1",60.6,58,1009,4.87,4.9,2.96
0.31,"Premium","E","VS2",61,58,872,4.39,4.37,2.67
0.4,"Ideal","I","VVS2",62,56,1240,4.74,4.77,2.95
0.66,"Ideal","E","SI2",61.9,55,1560,5.61,5.64,3.48
0.72,"Premium","E","SI1",62.1,58,2831,5.73,5.76,3.57
0.54,"Ideal","E","VS2",61.9,57,1847,5.23,5.2,3.23
0.32,"Premium","G","IF",61,59,891,4.38,4.41,2.68
0.31,"Ideal","H","VVS1",62.2,56,707,4.34,4.37,2.71
0.57,"Ideal","E","VS1",61.4,57,2068,5.37,5.32,3.28
0.51,"Ideal","G","VS1",61.9,56,1781,5.14,5.1,3.17
0.31,"Ideal","I","SI1",61.5,55,436,4.36,4.39,2.69
0.38,"Premium","E","SI1",58.1,58,658,4.85,4.79,2.8
0.29,"Ideal","G","VVS1",62.8,54,607,4.21,4.24,2.65
1.64,"Ideal","I","VS2",60.6,57,12199,7.66,7.69,4.65
0.55,"Ideal","G","VVS2",61.2,55.8,2064,5.27,5.33,3.24
0.9,"Very Good","D","VS1",60.3,58,5331,6.23,6.28,3.77
0.53,"Ideal","E","VS2",61.5,56,1676,5.18,5.23,3.2
0.32,"Very Good","I","SI1",61.6,61,421,4.36,4.4,2.7
0.52,"Good","H","VS2",63.6,57,1385,5.1,5.05,3.23
0.68,"Ideal","E","VS1",61.3,55,3243,5.67,5.71,3.49
1.01,"Very Good","D","VVS2",63.6,59,9451,6.25,6.32,4
1.27,"Ideal","J","VS2",62.9,54,5925,6.87,6.9,4.33
1.14,"Very Good","E","IF",63.3,57,12647,6.63,6.71,4.22
0.7,"Ideal","H","SI1",61.4,56,2815,5.72,5.77,3.53
0.3,"Very Good","D","VS1",61.2,55,610,4.32,4.34,2.65
0.35,"Ideal","I","SI1",62.2,54,491,4.52,4.55,2.82
1.51,"Very Good","G","VVS1",62.2,58,15281,7.3,7.33,4.55
0.59,"Premium","D","VVS2",62.6,58,2515,5.34,5.4,3.36
0.51,"Ideal","I","VS2",60.5,58,1268,5.15,5.2,3.13
0.61,"Ideal","G","SI2",59.5,57,1228,5.55,5.51,3.29
0.5,"Very Good","E","VVS2",61.5,59,2105,5.08,5.1,3.13
1.01,"Very Good","G","VS2",62.4,58,6019,6.42,6.4,4
1,"Very Good","E","SI1",60.1,60,5865,6.45,6.49,3.89
0.23,"Very Good","D","VS2",60.2,57,577,4.02,4.07,2.43
1.53,"Good","H","IF",63.1,57,13248,7.25,7.34,4.6
0.35,"Good","E","SI2",63.9,55,491,4.48,4.5,2.87
0.51,"Premium","F","VS2",62.1,58,1687,5.12,5.09,3.17
0.42,"Ideal","G","VS1",61.4,56,921,4.82,4.85,2.97
0.76,"Ideal","G","SI2",62.3,55,2489,5.83,5.89,3.65
1.01,"Fair","I","I1",56.1,63,2342,6.7,6.65,3.74
1.15,"Premium","H","SI2",62,58,4830,6.7,6.66,4.14
1.12,"Ideal","H","SI1",62,57,5363,6.69,6.64,4.13
0.32,"Premium","E","IF",61.6,58,1170,4.39,4.38,2.7
1.5,"Premium","E","SI2",62.7,56,8988,7.38,7.33,4.61
0.7,"Good","H","SI2",63.6,54,1999,5.67,5.62,3.59
0.53,"Premium","F","I1",61.3,58,886,5.22,5.18,3.19
0.34,"Premium","H","VVS2",62.7,59,880,4.47,4.43,2.79
1.04,"Ideal","H","VVS2",62.2,55,6619,6.48,6.52,4.04
1.01,"Premium","H","VS1",61.2,61,5294,6.44,6.41,3.93
0.52,"Ideal","G","VS1",63,54,1694,5.17,5.12,3.24
1.53,"Premium","G","VS2",61.8,59,12717,7.45,7.31,4.56
0.31,"Ideal","G","VVS1",60.6,57,816,4.38,4.4,2.66
0.71,"Ideal","D","SI2",62.3,56,2762,5.73,5.69,3.56
0.56,"Very Good","D","SI1",63.1,57,1777,5.22,5.19,3.29
0.31,"Premium","H","VVS2",62.4,59,802,4.35,4.31,2.7
0.58,"Premium","E","SI1",60.7,61,1641,5.47,5.27,3.28
0.74,"Premium","F","SI1",58.8,61,2042,5.88,5.82,3.44
0.74,"Ideal","D","VS1",61.7,55,3746,5.85,5.79,3.59
1.51,"Ideal","E","SI1",61.3,57,11628,7.35,7.42,4.53
0.35,"Ideal","G","VS1",61.3,54,741,4.58,4.63,2.83
1.05,"Ideal","H","SI2",61.2,57,4331,6.55,6.62,4.03
0.34,"Ideal","E","VVS2",62.4,55,944,4.47,4.51,2.79
0.59,"Ideal","E","VVS2",60.2,56,2553,5.46,5.51,3.3
0.61,"Premium","F","VS2",59.6,61,2075,5.58,5.5,3.3
1.11,"Premium","D","SI1",62,58,6962,6.68,6.64,4.13
0.78,"Ideal","F","SI1",62.4,54,2700,5.95,5.9,3.7
0.42,"Ideal","E","VS2",62.4,55,958,4.79,4.8,2.99
2.01,"Good","E","SI1",63.8,55,15093,8,7.96,5.09
1.3,"Ideal","G","VS1",62,55,10038,6.98,7.02,4.34
2.01,"Ideal","I","SI1",61.4,57,16562,8.13,8.19,5.01
1.51,"Ideal","H","VS2",64.2,59,10959,7.22,7.16,4.62
0.31,"Premium","E","VS2",61,58,680,4.37,4.39,2.67
1.01,"Premium","G","SI2",62.5,60,4249,6.34,6.39,3.98
1.19,"Ideal","F","VVS1",61.9,57,12776,6.84,6.79,4.22
1.28,"Good","H","SI2",56.8,62,4086,7.22,7.16,4.08
0.57,"Very Good","G","VS1",61,55,1817,5.36,5.43,3.28
1.04,"Premium","H","VS1",59.7,59,5882,6.64,6.59,3.95
0.76,"Ideal","J","SI1",62.9,54,1896,5.82,5.85,3.67
1.11,"Ideal","H","VS2",64,58,5632,6.52,6.46,4.16
0.5,"Ideal","J","VS2",61.7,57,875,5.09,5.12,3.15
1.06,"Ideal","G","SI2",61,56,3321,6.62,6.56,4.02
0.31,"Ideal","E","VVS1",61.4,55,865,4.35,4.38,2.68
0.52,"Very Good","E","VS1",60.7,54,1682,5.22,5.29,3.19
2.01,"Premium","J","SI2",62,59,12403,8.04,8.1,5
1,"Good","G","VS2",63,58,5723,6.25,6.35,3.97
1.04,"Premium","G","VS2",62.3,54,6206,6.55,6.49,4.06
1.53,"Premium","D","SI2",59.9,58,8739,7.54,7.41,4.48
1.55,"Premium","I","SI2",61.5,58,7256,7.39,7.46,4.57
2.01,"Very Good","J","SI1",61.6,60,12084,7.99,8.02,4.93
1.51,"Premium","H","VS2",63,58,10548,7.34,7.27,4.6
0.38,"Ideal","E","IF",62.2,54.1,1402,4.64,4.67,2.89
0.35,"Premium","F","VS2",62.1,60,706,4.45,4.51,2.78
2.04,"Premium","G","I1",62.4,58,9905,8.17,8.08,5.07
0.32,"Very Good","G","VVS2",61.5,54,672,4.4,4.42,2.71
1.01,"Very Good","I","SI1",62.1,58,4681,6.37,6.39,3.96
1.12,"Fair","G","VS1",64.8,56,5487,6.48,6.52,4.21
1.55,"Premium","G","VS2",60.5,60,10499,7.49,7.46,4.52
0.5,"Fair","E","SI2",59.8,66,1114,5.18,5.09,3.07
1.5,"Very Good","H","SI2",63.1,57,7495,7.16,7.27,4.55
0.33,"Ideal","E","VS1",61.7,54,768,4.45,4.47,2.75
0.38,"Good","F","VS2",62.4,54.3,899,4.6,4.65,2.89
0.4,"Very Good","D","VS2",62.3,58,746,4.69,4.72,2.93
1.25,"Good","G","VS1",63.4,55,8901,6.87,6.92,4.37
0.56,"Ideal","F","SI1",62.3,55,1436,5.27,5.32,3.3
0.31,"Ideal","D","SI1",62.3,54,732,4.37,4.33,2.71
1.22,"Ideal","I","SI1",61.7,57,5602,6.91,6.86,4.25
1.51,"Good","H","SI1",61.8,62,9681,7.25,7.29,4.49
1.52,"Ideal","I","VS2",62.4,55,9352,7.35,7.4,4.6
0.33,"Very Good","G","VS1",60.1,61,666,4.44,4.48,2.68
1.01,"Good","F","SI2",62.5,59,3886,6.31,6.37,3.96
0.41,"Good","D","VS2",63.8,55,873,4.7,4.73,3.01
1.03,"Ideal","G","SI1",62.4,57,4764,6.52,6.47,4.05
0.74,"Premium","H","SI1",62.4,58,2300,5.75,5.7,3.57
0.7,"Very Good","I","VVS2",63.4,59,2415,5.6,5.57,3.54
1.06,"Very Good","E","VS1",63,58,7900,6.46,6.49,4.08
0.25,"Very Good","E","VVS1",62.3,55,633,4.04,4.06,2.52
1.02,"Very Good","H","SI1",60.3,59,4476,6.44,6.5,3.9
0.35,"Ideal","D","VS2",60.6,56,1063,4.57,4.54,2.76
0.38,"Ideal","E","VS2",61.7,55,1112,4.68,4.66,2.88
1.7,"Premium","I","VS1",59.8,59,12737,7.79,7.7,4.63
0.93,"Very Good","H","SI1",59.3,61,3838,6.33,6.39,3.77
1,"Very Good","H","SI2",63.7,58,4395,6.31,6.35,4.03
1.01,"Very Good","E","VS2",59.9,57,6622,6.52,6.57,3.92
0.3,"Ideal","H","IF",61.8,55,789,4.3,4.31,2.66
0.41,"Good","E","VS1",62.8,58,827,4.67,4.7,2.94
0.3,"Ideal","H","VS2",62.1,55,491,4.33,4.36,2.7
0.77,"Good","H","VVS2",64.3,57.9,2734,5.7,5.86,3.71
0.41,"Ideal","F","VVS1",61.8,54,1213,4.78,4.83,2.97
0.5,"Ideal","E","VS2",61.6,57,1575,5.09,5.13,3.15
1.19,"Ideal","D","SI2",60.4,55,5406,6.89,6.91,4.17
0.5,"Ideal","E","VS1",61.1,58,2034,5.12,5.08,3.11
0.41,"Ideal","E","SI1",62.5,57,755,4.74,4.79,2.98
0.31,"Very Good","E","VS2",61.8,59,680,4.3,4.37,2.68
1.02,"Ideal","H","SI2",60.7,57,4319,6.51,6.54,3.96
1.51,"Very Good","G","SI1",61.5,54,10947,7.35,7.42,4.54
0.9,"Premium","G","VS2",59,58,3841,6.29,6.25,3.7
1.06,"Very Good","F","SI1",58.8,57,5491,6.67,6.76,3.95
0.53,"Ideal","I","VS2",60.3,60,1279,5.25,5.22,3.16
2,"Ideal","I","VS1",62.3,56,12907,8.08,8.03,5.02
1.05,"Ideal","G","SI2",61.8,57,4608,6.51,6.57,4.04
0.75,"Ideal","G","SI1",61.6,55,2902,5.82,5.86,3.6
0.36,"Ideal","G","SI2",61.4,54,505,4.59,4.66,2.84
0.41,"Ideal","F","IF",61.4,58,1439,4.78,4.83,2.95
1.01,"Good","F","VS1",64,56,5786,6.37,6.32,4.06
1.23,"Ideal","I","VS1",61.1,57,7881,6.88,6.9,4.21
1.05,"Ideal","I","VS2",62.2,55.8,6279,6.49,6.52,4.04
0.33,"Very Good","G","VVS2",63,56,672,4.42,4.47,2.8
0.3,"Good","J","VS1",63.3,60,394,4.22,4.25,2.68
0.44,"Ideal","D","VVS1",60.6,56,2290,4.95,4.99,3.01
1,"Premium","J","VVS2",59.6,61,3864,6.4,6.36,3.8
1.12,"Ideal","F","VS2",60.9,55,6858,6.73,6.67,4.08
0.32,"Ideal","D","VS1",61.5,56,862,4.41,4.43,2.72
0.94,"Premium","E","SI1",62,58,4661,6.24,6.27,3.88
2.25,"Very Good","J","SI2",58.4,63,13597,8.6,8.65,5.04
0.32,"Very Good","I","VS1",63.2,54,648,4.42,4.38,2.78
0.38,"Ideal","I","SI2",61.6,56,554,4.65,4.67,2.87
0.82,"Premium","G","SI1",61.8,58,3674,6.02,5.98,3.71
0.6,"Ideal","H","IF",61.9,56,2270,5.4,5.45,3.36
0.42,"Premium","G","VS2",60.6,59,847,4.78,4.85,2.92
1.1,"Good","E","SI2",63.3,56,4065,6.53,6.58,4.15
0.62,"Ideal","D","SI1",61.6,55,1934,5.49,5.51,3.39
0.41,"Premium","F","VS2",60.3,60,863,4.81,4.84,2.91
1.01,"Premium","G","SI2",61.8,58,4038,6.39,6.36,3.94
1.04,"Premium","H","SI2",61.5,59,4368,6.54,6.51,4.01
0.82,"Ideal","I","VS1",61.6,57,2986,6,6.05,3.71
0.33,"Ideal","E","SI1",61.9,57,743,4.46,4.43,2.75
0.31,"Premium","I","VS2",59.9,60,558,4.44,4.41,2.65
0.41,"Very Good","E","SI1",63.2,56,1015,4.74,4.72,2.99
0.3,"Ideal","H","VS2",62.2,54,491,4.33,4.35,2.7
0.33,"Ideal","E","VS2",62,56,723,4.46,4.48,2.77
1.5,"Premium","H","SI1",59,62,10038,7.39,7.31,4.56
0.72,"Very Good","E","VS2",61.9,56,2585,5.75,5.79,3.57
0.32,"Premium","D","SI1",60.8,58,756,4.44,4.41,2.69
1.01,"Very Good","I","SI1",62.9,58,4759,6.36,6.4,4.01
0.32,"Ideal","F","VS2",62.5,56,645,4.37,4.4,2.74
0.7,"Very Good","H","VS1",61.2,55,2453,5.68,5.72,3.49
0.3,"Good","F","SI1",63.6,55,641,4.33,4.28,2.74
1.38,"Ideal","H","VS1",63.6,56,8037,7.05,7,4.47
0.57,"Very Good","G","VS2",62.8,57,1608,5.23,5.28,3.3
0.7,"Good","F","SI1",58.7,61,2264,5.77,5.81,3.4
0.34,"Premium","E","SI2",62.4,59,477,4.42,4.46,2.77
0.9,"Very Good","J","VS2",63.1,57,2984,6.12,6.06,3.84
0.98,"Fair","H","SI2",67.9,60,2777,6.05,5.97,4.08
0.5,"Ideal","G","VVS2",62.8,57,1858,5.07,5.05,3.18
0.7,"Very Good","I","VS2",62.3,58,2273,5.58,5.65,3.5
0.37,"Very Good","H","VS2",61.2,54,537,4.62,4.7,2.85
0.51,"Premium","E","VS1",61.9,58,1831,5.1,5.15,3.17
0.33,"Ideal","F","VVS1",62.4,55,955,4.44,4.47,2.78
0.31,"Very Good","G","VVS2",63.1,57,907,4.32,4.3,2.72
0.32,"Very Good","E","VS2",60.5,58,561,4.4,4.42,2.67
0.5,"Ideal","E","VS2",61.6,55,1624,5.09,5.14,3.15
1.15,"Premium","G","SI2",62.2,60,4985,6.69,6.66,4.15
0.43,"Ideal","G","VVS1",60.5,57,1264,4.92,4.86,2.96
0.4,"Premium","G","VVS2",58.9,58,1050,4.84,4.8,2.84
1.21,"Ideal","E","VS1",62.2,57,8348,6.83,6.8,4.24
0.28,"Ideal","H","VS1",62.2,54,476,4.18,4.21,2.61
1.52,"Very Good","I","VS2",61.7,55,10130,7.39,7.32,4.54
1.01,"Good","E","SI1",63.4,60,5132,6.3,6.34,4.01
0.7,"Premium","D","SI2",63,56,2239,5.67,5.64,3.56
0.57,"Ideal","F","VVS2",60.6,56,2722,5.35,5.38,3.25
0.7,"Ideal","G","SI1",60.5,57,2460,5.74,5.79,3.49
1.09,"Good","F","SI1",61,64,4230,6.63,6.58,4.03
0.56,"Ideal","G","VVS1",62,56,2202,5.28,5.3,3.28
0.38,"Premium","D","VS1",62.4,59,1140,4.63,4.6,2.88
1,"Premium","D","VS1",62.7,62,7812,6.23,6.21,3.9
0.31,"Premium","F","VS2",62.3,59,802,4.33,4.3,2.69
0.61,"Good","G","I1",61.2,57.2,931,5.44,5.49,3.34
1.12,"Ideal","I","SI1",62,56,4829,6.69,6.64,4.13
2,"Ideal","E","SI1",62.6,57,16650,8.08,8.01,5.04
0.9,"Very Good","D","SI1",61.1,63,3997,6.21,6.17,3.78
0.61,"Ideal","F","SI2",61,56,1270,5.48,5.53,3.36
1.05,"Very Good","H","SI1",60.2,62,5047,6.52,6.57,3.94
0.52,"Very Good","E","SI1",61.1,62,1343,5.16,5.18,3.16
2.27,"Ideal","G","SI1",61.1,60,18343,8.46,8.42,5.16
0.35,"Ideal","H","VS2",61.2,56,571,4.54,4.55,2.78
0.4,"Premium","E","SI1",60.9,56,945,4.8,4.76,2.91
1,"Premium","F","VS2",61.3,59,5347,6.39,6.35,3.9
0.51,"Good","E","VS2",63.8,57,1662,5.07,5.05,3.23
0.54,"Good","E","SI1",61.5,56,1600,5.22,5.26,3.23
0.32,"Premium","H","VVS1",60.9,58,936,4.43,4.4,2.69
0.35,"Very Good","G","IF",62.6,59,898,4.43,4.49,2.79
0.34,"Ideal","D","VS2",62.3,55,805,4.45,4.48,2.78
1.03,"Ideal","H","SI1",62.3,56,4603,6.48,6.45,4.03
1.11,"Fair","H","SI1",65.7,61,5178,6.42,6.39,4.21
0.56,"Ideal","E","SI1",62.7,57,1698,5.27,5.23,3.29
1.01,"Ideal","E","SI2",61.9,56,4832,6.43,6.46,3.99
1,"Premium","J","SI1",62.7,57,3416,6.4,6.33,3.99
1.22,"Very Good","F","SI1",63.1,58,6530,6.8,6.74,4.27
1.5,"Fair","D","I1",64.7,62,5460,7.19,7.04,4.6
1.04,"Premium","E","SI1",59.6,59,5766,6.59,6.56,3.92
0.5,"Premium","E","VS2",61.3,59,1746,5.1,5.05,3.11
0.58,"Ideal","E","VS1",61.8,57,2046,5.33,5.35,3.3
0.71,"Ideal","F","VS1",62.6,57,3199,5.7,5.73,3.58
0.32,"Ideal","D","VS2",62,54,912,4.39,4.42,2.73
0.9,"Very Good","H","SI1",62.8,58,3437,6.13,6.16,3.86
1.32,"Premium","I","SI1",62.3,58,6171,6.98,7.01,4.36
0.31,"Very Good","H","VVS1",63.3,56,907,4.32,4.3,2.73
0.3,"Ideal","F","VS2",62.7,57,605,4.27,4.31,2.69
1.25,"Ideal","F","VS1",62,55,9761,6.95,6.91,4.3
0.38,"Ideal","G","SI1",61.2,58,688,4.64,4.67,2.85
0.73,"Ideal","E","VS2",61.7,57,3649,5.77,5.8,3.57
1,"Good","I","SI1",63.2,56,4015,6.31,6.37,4.01
1.2,"Very Good","H","VS2",63.3,59,6833,6.78,6.74,4.28
0.5,"Ideal","E","VS1",61.9,56,1716,5.09,5.12,3.16
0.6,"Ideal","G","VVS2",62,57,2347,5.41,5.46,3.37
1.04,"Very Good","F","VS1",63.2,57,7534,6.44,6.41,4.06
1.03,"Very Good","H","SI1",60.4,60,5050,6.41,6.53,3.91
0.6,"Very Good","I","VS2",60.6,60,1402,5.46,5.49,3.32
0.24,"Very Good","G","VS1",61.2,56,391,4,4.03,2.46
1,"Very Good","G","VVS2",60.3,62,7163,6.41,6.45,3.88
0.28,"Very Good","F","VVS2",61.8,60,596,4.16,4.19,2.58
1.07,"Ideal","E","VS2",61.8,58,7240,6.53,6.61,4.06
1.1,"Premium","G","SI2",61.4,59,4650,6.71,6.59,4.08
1,"Good","G","SI1",61.9,61,4859,6.36,6.4,3.95
0.3,"Ideal","F","VVS1",61.8,54,857,4.34,4.36,2.69
0.3,"Premium","E","VS2",59.1,58,658,4.37,4.39,2.59
0.64,"Premium","D","SI1",62.3,58,2074,5.53,5.49,3.43
1.21,"Ideal","F","SI2",61.8,57,6105,6.87,6.82,4.23
1,"Ideal","F","SI1",61.5,57,5197,6.41,6.46,3.96
0.71,"Ideal","F","VVS1",61.1,54,4937,5.78,5.84,3.55
0.91,"Premium","F","SI2",60.5,59,2461,6.21,6.19,3.75
0.31,"Ideal","I","VS1",61.9,53.9,502,4.35,4.38,2.7
1.6,"Very Good","I","VS2",60,58,10346,7.61,7.68,4.59
0.25,"Very Good","F","VS1",59.6,56,436,4.13,4.16,2.47
1.01,"Very Good","F","VS2",61.7,57,6159,6.39,6.44,3.96
1.1,"Premium","E","SI1",60,58,4472,6.68,6.65,4.05
0.59,"Very Good","E","VS2",59.9,56,1838,5.46,5.49,3.28
0.3,"Ideal","G","VS2",62.6,58,545,4.25,4.28,2.67
0.43,"Ideal","H","SI1",62.3,56,716,4.83,4.86,3.02
1,"Good","D","SI2",64,59,3634,6.29,6.24,4.01
0.9,"Premium","I","VS2",60.1,59,3663,6.37,6.25,3.79
0.77,"Premium","D","VS1",62.1,57,3644,5.85,5.8,3.62
0.31,"Ideal","F","VS2",62.2,56,749,4.39,4.36,2.72
2,"Premium","D","SI2",61.6,59,17674,8.09,8.2,5.02
0.63,"Premium","F","SI1",60.9,56,1736,5.58,5.56,3.39
1.55,"Ideal","F","SI2",62.3,55.5,9808,7.36,7.42,4.61
0.59,"Premium","H","VVS1",62,58,1883,5.36,5.38,3.33
1.01,"Very Good","E","SI2",62,60,4445,6.36,6.41,3.96
1.04,"Very Good","E","SI1",59.6,59,5662,6.56,6.59,3.92
0.36,"Premium","F","VS2",59.4,56,905,4.71,4.69,2.79
1.35,"Very Good","H","SI2",62.2,56,6088,7.02,7.06,4.38
1.02,"Very Good","H","SI1",63,58,4617,6.34,6.4,4.01
0.37,"Ideal","D","VVS2",61.6,54,997,4.61,4.64,2.85
1.01,"Good","E","SI2",63.3,58,4168,6.3,6.36,4.01
0.71,"Ideal","F","VS1",61.9,56,3799,5.66,5.72,3.53
0.4,"Ideal","G","VVS1",61.6,57,1200,4.76,4.75,2.93
0.9,"Premium","D","VS2",62.6,59,4914,6.17,6.14,3.85
0.43,"Premium","H","SI1",59,58,919,4.96,4.93,2.92
0.31,"Ideal","I","VVS1",61.4,54,571,4.38,4.41,2.7
0.51,"Ideal","F","VS1",61.3,54,1836,5.23,5.12,3.17
0.7,"Good","E","SI2",60.7,61,2405,5.69,5.71,3.46
0.42,"Premium","G","VVS1",59.3,59,1179,4.9,4.92,2.91
0.51,"Ideal","G","SI1",61.3,55,1329,5.18,5.22,3.19
0.31,"Ideal","D","VS2",62.5,56,734,4.29,4.32,2.69
0.52,"Ideal","F","VS1",62.5,57,1588,5.13,5.17,3.22
1.51,"Very Good","H","VVS2",63.1,56,9332,7.33,7.28,4.61
0.51,"Ideal","F","SI1",61.2,56,1322,5.19,5.21,3.18
0.52,"Ideal","G","VS2",62,55,1577,5.19,5.13,3.2
1,"Ideal","H","I1",61.3,57,3080,6.41,6.44,3.94
1,"Fair","G","SI1",67.7,57,3631,6,6.15,4.11
0.26,"Ideal","H","SI2",62.5,53,362,4.09,4.13,2.57
0.97,"Premium","D","SI2",60.4,61,3585,6.4,6.37,3.86
2.03,"Ideal","G","SI2",62.2,57,12573,8.09,8.06,5.03
0.32,"Premium","E","SI1",62.2,58,720,4.39,4.36,2.72
1.5,"Fair","I","I1",71.3,58,4368,6.85,6.81,4.87
1.5,"Very Good","F","SI1",63.9,58,11004,7.12,7.16,4.56
0.35,"Ideal","G","SI2",61.2,56,517,4.56,4.59,2.8
1.5,"Ideal","H","SI1",62,55,11189,7.34,7.29,4.54
1.7,"Premium","G","VS2",60.3,60,15941,7.72,7.64,4.63
0.33,"Ideal","G","VS1",61.6,57,699,4.46,4.49,2.75
0.41,"Ideal","G","VS2",62.1,57,827,4.72,4.78,2.95
0.53,"Very Good","H","VVS2",61.3,61,1548,5.15,5.2,3.17
0.41,"Very Good","E","SI2",62.8,58,638,4.69,4.73,2.96
1.2,"Very Good","H","SI1",61,58,6019,6.84,6.92,4.2
1.5,"Very Good","H","SI1",60.7,63,9660,7.3,7.27,4.42
0.8,"Very Good","E","SI1",62.9,60,3146,5.87,5.89,3.7
0.89,"Ideal","E","SI2",62.4,56,3429,6.04,6.08,3.78
0.41,"Ideal","F","VVS1",61.8,55,1356,4.78,4.76,2.95
1.06,"Ideal","G","SI1",62,56,5159,6.52,6.55,4.05
1.02,"Good","I","SI2",57.1,62,3342,6.66,6.58,3.78
1.04,"Ideal","H","SI1",59.7,60,4812,6.61,6.59,3.94
0.29,"Premium","E","SI1",58.4,60,548,4.34,4.32,2.53
1.52,"Premium","G","VS2",61.9,56,13282,7.39,7.28,4.54
1,"Very Good","D","VS2",61.5,63,7146,6.35,6.31,3.89
1.71,"Premium","I","SI1",60.2,58,11003,7.75,7.79,4.68
0.33,"Ideal","D","VS2",62.6,56,781,4.39,4.43,2.76
0.72,"Ideal","E","VS1",62.6,57,3283,5.69,5.72,3.57
1.55,"Very Good","H","SI2",62.5,61,8174,7.31,7.34,4.58
0.5,"Ideal","E","VS2",62.2,54,1624,5.08,5.11,3.17
0.56,"Very Good","G","VVS2",62.1,55.6,2336,5.29,5.31,3.29
1.01,"Ideal","G","VS1",61.8,57,6618,6.45,6.4,3.97
1.33,"Very Good","I","SI1",62.6,56,6513,6.97,7.03,4.38
0.83,"Ideal","G","SI1",62.3,57,2800,5.99,6.08,3.76
1,"Very Good","E","SI1",61,61,4719,6.4,6.45,3.92
0.6,"Ideal","F","SI1",62.7,54,1654,5.43,5.39,3.39
0.55,"Ideal","H","SI2",62.6,56,1037,5.24,5.27,3.29
1.26,"Ideal","H","SI1",61,56,6715,7,7.04,4.28
1.25,"Premium","I","SI2",60.5,58,5166,7,6.96,4.22
0.32,"Premium","E","VS2",61.7,58,900,4.41,4.38,2.71
0.72,"Ideal","H","SI1",62.2,58,2458,5.72,5.76,3.57
0.31,"Premium","G","VS2",61.7,58,698,4.34,4.32,2.67
1.11,"Premium","H","SI2",61.6,60,4578,6.6,6.67,4.09
0.33,"Ideal","I","VVS2",61,56,722,4.48,4.51,2.74
0.31,"Good","D","SI2",63.9,57,593,4.33,4.28,2.75
0.49,"Good","F","VS1",59.5,62,1182,5.09,5.22,3.06
0.52,"Ideal","G","VVS2",62.1,56,2012,5.17,5.14,3.2
0.64,"Ideal","H","VVS1",62.2,58,2308,5.49,5.51,3.42
0.26,"Very Good","I","SI1",59.2,60,445,4.2,4.24,2.5
0.3,"Ideal","G","SI2",62.1,58,422,4.27,4.3,2.66
1,"Very Good","F","VS1",62.1,60,6883,6.33,6.42,3.96
0.5,"Fair","H","VS2",62.4,69,1122,5.07,4.99,3.14
0.34,"Ideal","I","SI1",62.4,56,459,4.45,4.49,2.79
1.01,"Good","G","SI1",59.8,61,5277,6.45,6.49,3.87
1.26,"Premium","I","SI2",60.1,59,5080,7.03,6.99,4.21
0.9,"Very Good","D","SI1",59.4,62,4381,6.19,6.24,3.69
1.22,"Ideal","H","VVS2",62.7,54,8014,6.77,6.83,4.27
0.41,"Ideal","F","VVS2",60.6,57,1115,4.81,4.86,2.93
1.56,"Premium","J","VS1",61.1,59,8324,7.49,7.52,4.58
0.3,"Premium","G","VS1",59.6,59,776,4.38,4.34,2.6
1.07,"Ideal","G","VVS1",60.9,56,8895,6.6,6.67,4.04
0.53,"Ideal","F","SI1",62.6,55,1359,5.17,5.22,3.25
1.01,"Premium","F","VS2",61.1,59,6097,6.44,6.35,3.91
1.52,"Ideal","I","SI2",61.3,60,7582,7.33,7.39,4.51
1.01,"Very Good","H","SI1",60.2,60,4617,6.5,6.48,3.91
1.32,"Ideal","I","VS2",60.8,57,7209,7.07,7.02,4.28
0.5,"Good","G","VVS2",63.6,57,1858,5.08,5.04,3.22
0.3,"Ideal","F","VVS1",61.7,57,1041,4.28,4.31,2.65
0.74,"Very Good","H","VS1",62.3,56,2956,5.75,5.78,3.59
0.71,"Ideal","E","VS2",61,55,2863,5.79,5.75,3.52
0.7,"Ideal","E","VS2",61.5,54,2835,5.7,5.75,3.52
1.43,"Very Good","G","VS2",62.2,58,10419,7.15,7.18,4.46
1.3,"Good","J","SI2",62.9,56,5124,6.9,6.94,4.35
0.36,"Premium","E","VS1",61.5,59,933,4.6,4.57,2.82
1.02,"Premium","G","VVS2",62.6,59,7741,6.46,6.41,4.03
1.75,"Premium","F","VS2",61.4,58,17017,7.72,7.76,4.75
0.51,"Ideal","F","VS2",62.3,56,1711,5.12,5.08,3.18
0.41,"Ideal","E","VS1",61.4,57,1153,4.82,4.79,2.95
0.81,"Very Good","H","SI2",62.1,56,2504,5.95,5.99,3.71
0.41,"Ideal","E","VVS2",61.4,57,1187,4.76,4.79,2.93
0.32,"Ideal","H","VS1",60.2,56,720,4.49,4.44,2.69
0.42,"Premium","G","SI1",61.7,58,945,4.8,4.76,2.95
1.01,"Premium","H","SI1",61.8,60,4642,6.48,6.43,3.99
1.2,"Ideal","D","SI1",62.7,55,7761,6.71,6.79,4.23
0.43,"Premium","E","SI2",60.8,58,716,4.86,4.88,2.96
0.42,"Very Good","G","VS2",62.6,57,847,4.76,4.8,2.99
1.5,"Ideal","I","SI1",59.4,60,8555,7.54,7.5,4.47
0.72,"Ideal","E","SI2",61.3,55,2401,5.75,5.84,3.55
0.31,"Ideal","J","VS1",61.2,55,424,4.37,4.39,2.68
0.33,"Premium","F","SI2",63,58,557,4.42,4.4,2.78
0.4,"Ideal","F","VS2",62,57,1080,4.74,4.68,2.92
0.31,"Very Good","E","VVS1",61.2,61,763,4.33,4.36,2.66
0.7,"Ideal","E","VS2",60.5,59,3201,5.72,5.75,3.47
0.81,"Ideal","E","SI1",60.3,56,3413,6.05,6.13,3.67
0.83,"Premium","H","SI1",60,59,2825,6.08,6.05,3.64
0.51,"Good","G","SI2",63.6,54,1029,5.05,5.08,3.22
1.09,"Premium","H","SI2",61.7,60,4578,6.59,6.57,4.06
1,"Very Good","F","VS1",62.6,57,6468,6.35,6.42,4
0.47,"Very Good","G","VS1",60.5,59.4,1203,5.03,5.08,3.06
0.3,"Ideal","D","SI2",61.1,55,574,4.35,4.32,2.65
0.7,"Very Good","E","VS2",61.8,59,2952,5.63,5.67,3.49
0.38,"Ideal","F","VS1",61.3,56,865,4.67,4.7,2.87
0.57,"Ideal","F","VS1",61.7,55,2039,5.35,5.39,3.31
0.32,"Very Good","H","VVS1",62.9,58,730,4.34,4.37,2.74
0.3,"Ideal","H","VVS2",61.6,55,776,4.34,4.3,2.66
1.02,"Premium","H","VS2",61.7,58,5426,6.45,6.41,3.97
0.8,"Ideal","F","VS2",62,55,3653,5.93,6,3.7
0.34,"Ideal","D","SI1",62,56,626,4.47,4.5,2.78
0.36,"Very Good","D","VS2",64,56,759,4.49,4.51,2.88
0.52,"Very Good","E","SI1",58.4,58,1382,5.29,5.33,3.1
0.59,"Good","I","VVS2",57.8,61,1427,5.52,5.6,3.21
0.44,"Very Good","J","VS1",63.1,57,891,4.87,4.83,3.06
0.7,"Premium","I","VS2",60.8,59,2268,5.71,5.68,3.46
0.3,"Very Good","G","VS2",63.5,54,675,4.28,4.25,2.71
0.72,"Premium","D","VS1",62.7,56,3601,5.76,5.69,3.59
0.7,"Very Good","H","SI1",61.5,57,2107,5.64,5.68,3.48
0.9,"Very Good","H","VVS2",63.7,57,4592,6.09,6.02,3.86
0.41,"Good","F","SI1",63.4,57,705,4.73,4.74,3
0.42,"Ideal","E","SI2",62.7,55.2,687,4.78,4.79,3
1.62,"Ideal","G","VS2",61.7,56,14777,7.53,7.57,4.66
2.27,"Fair","G","I1",68.6,56,7131,7.99,7.94,5.47
0.41,"Ideal","E","VS2",61.8,57,935,4.76,4.78,2.95
2.12,"Ideal","H","SI2",62.4,57,16466,8.19,8.16,5.1
1.86,"Good","G","SI2",63.8,55,9791,7.79,7.73,4.95
0.33,"Ideal","G","VS2",62.2,56,743,4.44,4.43,2.76
1.63,"Good","I","SI1",63.7,58,9730,7.48,7.4,4.74
1.22,"Very Good","G","IF",62,59,8793,6.8,6.85,4.23
2.38,"Premium","J","SI1",62.4,58,12364,8.54,8.46,5.31
0.75,"Very Good","F","SI2",60.5,57,2274,5.88,5.95,3.58
1.72,"Premium","G","VVS2",61.8,60,18730,7.65,7.68,4.74
0.71,"Very Good","J","VS2",62.6,57,1626,5.64,5.7,3.55
1.64,"Fair","E","SI2",63.1,60,8954,7.58,7.5,4.75
0.5,"Ideal","F","VS1",62,55.1,1679,5.05,5.11,3.16
0.38,"Ideal","H","VS2",62.2,54,703,4.64,4.68,2.9
0.7,"Premium","E","VS1",59.6,57,2818,5.91,5.83,3.5
1.13,"Ideal","D","VVS2",60.1,57,12261,6.83,6.78,4.09
0.59,"Very Good","G","SI2",60.6,56,1210,5.47,5.48,3.32
0.51,"Very Good","F","VS2",62.9,55,1569,5.08,5.12,3.21
0.55,"Ideal","E","VS1",62.2,55,2079,5.26,5.22,3.26
0.72,"Very Good","E","SI2",63.4,58,2608,5.66,5.64,3.58
1.21,"Good","G","VS2",63.8,56,8099,6.74,6.67,4.28
0.5,"Ideal","E","VS2",60.8,57,1768,5.16,5.13,3.13
0.4,"Ideal","F","VVS1",61.7,57,1128,4.72,4.75,2.92
1,"Ideal","E","SI2",62.9,55,4808,6.38,6.41,4.02
0.54,"Ideal","G","VVS2",60.8,56,1950,5.31,5.28,3.22
0.38,"Ideal","F","IF",62.2,54,1229,4.68,4.71,2.92
1,"Very Good","G","SI2",63.3,56,3920,6.38,6.29,4.01
0.9,"Very Good","D","SI2",62.9,56,4078,6.09,6.19,3.86
1.05,"Ideal","D","SI2",60.2,57,4932,6.58,6.65,3.98
1.01,"Ideal","F","IF",62,58,10688,6.41,6.46,3.99
1,"Fair","E","SI1",57.6,57,5027,6.56,6.52,3.77
1.05,"Premium","D","SI2",58.9,58,5134,6.74,6.67,3.95
0.34,"Ideal","H","SI1",62.6,56,628,4.48,4.46,2.8
0.31,"Ideal","E","VS2",61.8,55,872,4.35,4.33,2.68
0.73,"Very Good","E","SI1",57.7,61,2844,5.92,5.96,3.43
1,"Very Good","D","VVS2",61.7,58,10113,6.37,6.41,3.94
2.04,"Good","F","SI2",64,57,14936,8.04,7.98,5.13
1.15,"Ideal","G","SI1",62,55,6313,6.72,6.76,4.18
0.31,"Ideal","G","IF",61.5,54,871,4.4,4.41,2.71
0.54,"Ideal","E","SI2",60.7,56,1340,5.3,5.25,3.2
0.3,"Ideal","G","VVS1",61.7,54,764,4.32,4.34,2.67
0.9,"Premium","E","SI1",62.9,58,4158,6.16,6.11,3.86
0.5,"Ideal","G","SI2",62.1,55,1074,5.12,5.15,3.19
2.01,"Good","F","SI2",64.1,57,16231,7.82,7.78,5
0.55,"Ideal","J","SI1",61.2,55,982,5.29,5.3,3.24
0.72,"Very Good","H","VVS2",60.3,56,2771,5.81,5.83,3.51
0.4,"Premium","E","SI1",62.9,59,882,4.72,4.69,2.96
1.01,"Very Good","E","VS2",62.9,57,6552,6.34,6.42,4.01
0.32,"Premium","G","VVS2",60.8,59,936,4.44,4.41,2.69
2.01,"Very Good","I","SI1",64.1,57,15145,7.89,7.94,5.07
0.3,"Premium","F","VS2",61.4,60,605,4.27,4.3,2.63
1.21,"Good","J","SI2",61.1,60.8,4824,6.83,6.89,4.18
0.62,"Ideal","F","SI1",62.7,54,1637,5.47,5.53,3.45
0.71,"Premium","F","VS1",59,60,2839,5.82,5.8,3.43
0.24,"Premium","E","VS2",62.6,58,417,3.99,4.03,2.51
0.31,"Premium","F","VS2",62,60,802,4.34,4.3,2.68
0.5,"Very Good","G","VVS2",60.7,57,1838,5.1,5.14,3.11
1,"Fair","F","VS2",68.3,58,4312,5.98,5.95,4.08
0.32,"Premium","G","SI1",62,55,612,4.43,4.41,2.74
0.51,"Ideal","F","VVS2",62.2,56,2203,5.12,5.08,3.17
0.72,"Premium","J","SI1",62.1,59,1987,5.75,5.71,3.56
0.31,"Premium","G","VS2",61.5,60,544,4.31,4.34,2.66
1.61,"Premium","F","SI1",62.9,59,8024,7.5,7.43,4.69
0.76,"Very Good","H","SI1",63,58,2593,5.78,5.8,3.65
1.01,"Good","F","SI1",61.6,63,4816,6.42,6.47,3.97
0.41,"Very Good","F","SI1",63.1,56,878,4.73,4.69,2.97
0.3,"Ideal","I","VS1",62.5,57,473,4.29,4.32,2.69
1.07,"Premium","H","SI1",62.1,58,5055,6.56,6.49,4.05
1,"Premium","F","VVS2",60.6,54,8924,6.56,6.52,3.96
0.7,"Very Good","F","VVS1",59.3,62,3270,5.74,5.77,3.41
0.52,"Ideal","E","VVS1",61.8,55,3125,5.2,5.19,3.21
1.51,"Premium","F","VS2",61.9,60,12202,7.29,7.25,4.5
0.3,"Good","H","VVS2",63.6,55,605,4.24,4.28,2.71
0.7,"Premium","F","SI1",61.3,59,2423,5.74,5.68,3.5
0.59,"Ideal","D","SI1",61.6,57,1835,5.44,5.41,3.34
0.3,"Very Good","I","VVS2",60.1,63,526,4.28,4.31,2.58
0.31,"Premium","H","IF",61.7,58,816,4.33,4.36,2.68
0.5,"Premium","G","VS1",62.5,58,1624,5.07,5.11,3.18
1.74,"Very Good","I","SI1",58.7,60,10823,7.84,7.9,4.62
1.08,"Ideal","D","SI2",61.6,57,5256,6.58,6.62,4.07
1.03,"Good","D","SI2",57.6,58,4177,6.6,6.67,3.82
1.13,"Very Good","D","SI2",62.3,60,5408,6.59,6.7,4.14
0.42,"Ideal","H","VS1",62,57,1087,4.82,4.8,2.98
0.35,"Premium","E","SI1",61.9,58,788,4.52,4.49,2.79
0.55,"Ideal","G","VS2",60.1,55,1634,5.33,5.37,3.22
1.01,"Ideal","I","VS1",62.9,56,4118,6.43,6.38,4.03
0.74,"Very Good","E","SI2",61,57,2574,5.83,5.88,3.57
0.51,"Good","G","VVS2",63.1,58,1875,5.07,5.11,3.21
0.72,"Premium","D","VS2",60.6,57,3205,5.82,5.79,3.52
0.41,"Good","D","SI1",63.1,59,791,4.7,4.71,2.97
2.08,"Premium","H","SI1",62.6,59,17617,8.1,8.13,5.08
1.08,"Premium","G","SI1",59.4,60,5044,6.7,6.63,3.96
0.24,"Very Good","E","VVS2",62.8,58,478,3.92,3.95,2.47
1.1,"Ideal","F","IF",62,57,11233,6.65,6.57,4.1
1.61,"Premium","I","SI1",62,58,8978,7.46,7.51,4.64
1,"Good","F","SI1",58.1,64,4608,6.56,6.6,3.82
1.45,"Fair","F","SI2",64.4,58,6455,7.17,7.11,4.59
0.72,"Ideal","J","SI1",62.7,56,1832,5.67,5.75,3.58
1.64,"Very Good","J","SI2",63,58,7579,7.42,7.51,4.71
0.4,"Very Good","E","SI1",63,57,725,4.68,4.71,2.96
0.74,"Ideal","D","VS2",62,57,3487,5.79,5.83,3.6
0.5,"Ideal","F","VVS2",62,55,2160,5.12,5.1,3.17
0.9,"Good","D","SI1",62.4,63,3880,6.04,6.13,3.8
0.9,"Good","H","SI1",58.9,61,3734,6.27,6.36,3.72
0.52,"Ideal","G","SI2",59.7,56,1042,5.28,5.31,3.16
1.51,"Very Good","F","VS2",63.7,60,13012,7.2,7.24,4.6
1.2,"Ideal","I","SI2",59.6,61,4890,6.95,6.97,4.15
0.6,"Very Good","D","VS1",61.4,59,2431,5.41,5.44,3.33
1.01,"Premium","G","SI1",61.3,59,5006,6.48,6.44,3.96
0.3,"Ideal","D","SI1",61.7,57,524,4.28,4.31,2.65
0.43,"Ideal","G","VS1",62.3,56,1008,4.85,4.82,3.01
0.77,"Very Good","F","VVS1",60.2,58,4399,5.93,5.97,3.58
1.7,"Good","J","VS2",63.6,59,8134,7.53,7.48,4.77
0.71,"Ideal","G","SI1",61.4,57,2386,5.76,5.71,3.52
0.32,"Premium","G","VVS2",60.2,60,730,4.42,4.45,2.67
0.36,"Premium","D","VS2",61.8,58,852,4.55,4.58,2.82
0.31,"Good","E","VVS1",60.9,61,725,4.32,4.35,2.64
0.9,"Very Good","G","SI1",62.9,56,3945,6.11,6.17,3.86
0.41,"Very Good","E","VS1",62.9,56,931,4.72,4.78,2.99
0.31,"Premium","F","VS2",62.3,60,802,4.35,4.32,2.7
1.52,"Ideal","F","VS1",62.2,55,16055,7.29,7.41,4.57
0.26,"Ideal","H","IF",61.2,57,545,4.13,4.16,2.53
1.13,"Very Good","H","VS2",61.7,56,5625,6.65,6.73,4.13
0.35,"Ideal","D","SI2",61.8,57,522,4.53,4.57,2.81
0.72,"Ideal","H","VVS1",60.8,58,3180,5.77,5.8,3.52
0.8,"Premium","H","SI2",62.2,58,2346,5.99,5.93,3.71
1.24,"Ideal","G","VVS2",61.2,56,9788,6.92,6.88,4.22
1.09,"Ideal","H","VVS1",61.4,56,7055,6.64,6.67,4.09
0.77,"Ideal","J","VS2",62.5,57,2257,5.8,5.91,3.66
0.54,"Ideal","G","VVS1",61.8,55,2123,5.24,5.27,3.25
0.31,"Ideal","E","VS1",60.2,56,626,4.39,4.44,2.66
1.5,"Premium","H","VS2",61.8,59,11464,7.35,7.3,4.53
0.5,"Very Good","G","VS1",61,58,1694,5.08,5.15,3.12
0.41,"Ideal","I","VS1",61.8,53,753,4.81,4.84,2.98
0.4,"Good","G","VS2",63.8,59,807,4.64,4.57,2.94
0.33,"Ideal","E","VVS1",61.7,56,984,4.42,4.46,2.74
0.26,"Ideal","H","SI1",60.5,58,474,4.16,4.17,2.52
0.3,"Ideal","E","VVS1",60.1,57,956,4.41,4.38,2.64
0.31,"Premium","E","VVS1",62,59,1012,4.34,4.3,2.68
0.6,"Very Good","J","VS1",62.6,56,1378,5.37,5.41,3.37
0.36,"Ideal","I","VS2",61.8,55,523,4.58,4.61,2.84
1.13,"Ideal","I","SI2",61.7,57,4307,6.59,6.7,4.13
1.01,"Premium","G","VS2",63,58,5741,6.42,6.37,4.03
0.92,"Good","G","VS2",63.4,57,4243,6.17,6.23,3.93
1.51,"Good","I","VVS1",64,60,9471,7.26,7.21,4.63
0.42,"Ideal","G","VS2",62.2,54.1,907,4.8,4.83,3
0.79,"Very Good","E","SI1",63.2,56,3053,5.91,5.83,3.71
0.32,"Very Good","H","VS1",62.8,58,561,4.35,4.37,2.74
0.71,"Ideal","F","VS2",61.2,56,2891,5.73,5.77,3.52
1.04,"Very Good","G","SI2",60.6,57,4703,6.56,6.6,3.99
0.7,"Good","F","SI1",64.1,56,2289,5.63,5.6,3.6
0.57,"Premium","F","VS2",62,54,1760,5.34,5.31,3.3
0.31,"Premium","H","VS2",59.7,61,628,4.42,4.39,2.63
0.3,"Ideal","D","VVS2",61.7,57,814,4.33,4.36,2.68
1.29,"Premium","G","VS2",58.7,58,8842,7.27,7.11,4.22
0.44,"Premium","H","SI2",59.6,60,759,4.95,4.93,2.96
0.52,"Ideal","H","VVS1",60.4,57,1872,5.23,5.2,3.15
0.4,"Premium","J","VS1",59.7,59,631,4.79,4.83,2.87
0.95,"Premium","J","I1",61.7,59,2195,6.32,6.26,3.88
1.05,"Very Good","J","SI2",63.2,56,2789,6.49,6.45,4.09
1.01,"Premium","D","VVS2",62.4,58,10927,6.44,6.39,4
1.16,"Ideal","G","SI2",61.7,56,4710,6.82,6.76,4.18
0.3,"Very Good","D","SI1",63.3,55,709,4.31,4.28,2.72
0.36,"Ideal","D","VS2",61.5,57,1094,4.58,4.56,2.81
0.87,"Premium","F","SI2",61.5,57,2661,6.13,6.1,3.76
1.2,"Very Good","J","VS2",62.6,57,4963,6.72,6.8,4.23
1.01,"Very Good","F","SI1",62.1,57,4969,6.41,6.48,4
0.31,"Ideal","G","VVS1",62.5,57,1046,4.36,4.31,2.71
0.33,"Ideal","G","VVS2",61.5,55,713,4.47,4.51,2.76
0.5,"Ideal","I","VS2",62.5,55,1244,5.05,5.09,3.17
0.42,"Very Good","H","VVS2",62.4,55,921,4.78,4.81,2.99
0.5,"Fair","H","VS1",66.6,58,1134,4.95,4.84,3.26
0.31,"Very Good","F","VS2",63,57,583,4.27,4.33,2.71
0.32,"Premium","G","VS1",61.7,58,645,4.38,4.41,2.71
0.32,"Ideal","G","VS1",62,56,828,4.39,4.35,2.71
0.3,"Very Good","I","VS1",61.6,61,442,4.23,4.28,2.62
1.5,"Very Good","F","VS2",59.7,56,13537,7.42,7.46,4.44
1.19,"Premium","I","VS2",61.7,57,5439,6.84,6.77,4.2
1.75,"Ideal","H","VS2",62.2,56.3,14033,7.66,7.71,4.79
0.48,"Very Good","F","VS2",62.6,55,1311,5,5.07,3.15
0.57,"Premium","H","SI1",61.6,58,1247,5.37,5.34,3.3
0.74,"Ideal","G","VVS2",60.7,56,3831,5.9,5.88,3.58
0.7,"Very Good","E","VS2",62.9,56,2673,5.61,5.67,3.55
0.42,"Premium","E","SI1",62.7,59,773,4.78,4.79,3
1.2,"Ideal","G","VS2",62.1,56,7741,6.84,6.78,4.23
0.32,"Ideal","F","VVS1",61.7,56,841,4.38,4.41,2.71
0.9,"Fair","E","VS1",67.6,56,3276,5.94,5.9,4
1.28,"Ideal","H","SI1",62.4,56,6701,6.93,6.91,4.32
0.24,"Premium","G","VVS1",62.3,59,554,3.95,3.92,2.45
0.28,"Very Good","G","VS2",61.3,57,492,4.21,4.24,2.59
0.3,"Ideal","E","VS2",62.3,57,658,4.29,4.32,2.68
0.73,"Ideal","G","VVS1",61.6,56,3487,5.77,5.82,3.57
0.9,"Premium","D","SI1",62.2,58,4612,6.18,6.11,3.82
1.2,"Premium","G","VS2",59.4,58,7258,6.91,6.85,4.09
1.01,"Good","D","SI2",63.1,54,4260,6.37,6.43,4.04
1.18,"Ideal","G","VS2",60.9,56,7439,6.8,6.85,4.16
0.8,"Very Good","E","SI1",63.1,57,3293,5.94,5.86,3.72
1.37,"Ideal","I","SI2",62.2,56,6401,7.07,7.14,4.42
1.13,"Ideal","G","VVS1",61.2,57,9049,6.65,6.72,4.09
0.3,"Premium","D","VS2",60.4,59,911,4.35,4.32,2.62
1.24,"Very Good","I","SI1",60.4,58,5456,6.95,7.02,4.22
2.04,"Premium","G","SI2",60.3,59,15651,8.23,8.3,4.98
2.14,"Very Good","F","SI2",58.2,61,17582,8.45,8.5,4.93
0.79,"Very Good","E","SI1",63.3,56.3,3138,5.85,5.88,3.71
0.32,"Ideal","G","VS1",60.7,56,602,4.43,4.46,2.7
0.71,"Very Good","F","SI2",59.5,58,2129,5.82,5.87,3.48
0.7,"Ideal","F","VS2",60.8,59,2850,5.69,5.79,3.49
1.1,"Ideal","F","VVS2",61.2,56,9343,6.71,6.64,4.08
1.63,"Ideal","H","SI1",61.9,57,11078,7.59,7.53,4.68
0.31,"Ideal","H","VS1",62.6,55,698,4.38,4.34,2.73
1.54,"Premium","G","VS2",60.9,59,12800,7.49,7.45,4.55
1.01,"Premium","H","SI1",61.8,60,4943,6.44,6.38,3.96
1,"Good","F","IF",63.2,63,9867,6.24,6.26,3.95
0.3,"Fair","F","VS1",61.7,66,593,4.25,4.31,2.64
0.7,"Ideal","F","SI1",61.6,55,2806,5.72,5.74,3.53
1.57,"Ideal","I","VS2",62.8,57,10462,7.46,7.37,4.66
0.31,"Ideal","G","VS2",63,54,698,4.37,4.33,2.74
0.37,"Ideal","F","VVS2",61.6,57,920,4.59,4.63,2.84
0.52,"Ideal","D","SI1",61.2,57,1429,5.18,5.22,3.18
2.01,"Very Good","H","SI2",63.4,56,12829,8.09,7.99,5.1
1.01,"Premium","E","SI1",59.5,60,5301,6.54,6.46,3.87
0.51,"Good","D","VS2",63.7,57,1665,5.05,5,3.2
1.2,"Ideal","I","VS2",62.1,57,5914,6.78,6.71,4.19
0.73,"Ideal","E","VS2",62.2,59,3198,5.74,5.77,3.58
1.23,"Very Good","E","VVS2",60.4,62,11175,6.88,6.93,4.17
0.42,"Premium","F","VS2",61.9,58,945,4.8,4.76,2.96
2.02,"Ideal","G","SI2",63.5,54,15814,7.96,8.02,5.07
0.54,"Ideal","H","VVS1",61.7,57,1846,5.23,5.24,3.23
0.43,"Ideal","J","VVS2",61.8,55,710,4.89,4.91,3.03
1.34,"Very Good","H","VVS2",59.7,60,9735,7.19,7.22,4.3
1.05,"Very Good","E","SI2",60.5,58,4797,6.55,6.6,3.98
1.17,"Premium","G","VS1",62.4,56,7564,6.81,6.75,4.23
0.31,"Ideal","D","VVS2",61.8,54,828,4.36,4.38,2.7
0.74,"Ideal","F","SI2",60.3,58,2295,5.84,5.82,3.51
0.31,"Ideal","E","SI1",60.6,56,595,4.39,4.42,2.67
0.3,"Very Good","G","VS2",61.8,60,505,4.29,4.25,2.64
1.04,"Ideal","G","VS1",61.7,57,7294,6.47,6.53,4.01
0.9,"Very Good","D","SI1",62.1,60,3880,6.14,6.2,3.83
1.2,"Ideal","I","VS1",62.5,55,6639,6.76,6.81,4.24
0.94,"Very Good","D","SI2",59,59,3862,6.34,6.41,3.76
0.41,"Very Good","E","VVS1",62.9,59,1367,4.72,4.76,2.98
0.53,"Ideal","D","SI1",61.2,57,1587,5.19,5.24,3.19
0.33,"Premium","I","VS1",59.5,60,521,4.5,4.54,2.69
0.72,"Very Good","E","VVS1",61.2,58,3903,5.75,5.79,3.53
1.01,"Premium","E","VS2",62,59,6666,6.44,6.46,4
1.23,"Ideal","J","VS2",61.2,57,6015,6.93,6.88,4.23
0.4,"Very Good","G","IF",61.8,58,1173,4.69,4.73,2.91
1.06,"Ideal","D","VS1",62,57,9625,6.49,6.54,4.04
0.31,"Ideal","H","VVS2",62.2,57,802,4.36,4.32,2.7
1.2,"Very Good","G","VS2",63.5,57,8032,6.76,6.66,4.26
0.4,"Ideal","E","VS2",62,57,975,4.7,4.66,2.9
0.41,"Good","F","VVS2",63.6,56,996,4.68,4.72,2.99
0.32,"Ideal","E","VVS2",61.4,54,843,4.44,4.45,2.73
1.01,"Good","F","SI1",64.2,58,4199,6.31,6.33,4.06
0.4,"Very Good","D","VS2",59.6,58,851,4.8,4.83,2.87
0.3,"Ideal","E","VVS2",61.9,58,766,4.28,4.32,2.66
2.33,"Premium","J","SI1",59.9,59,14711,8.7,8.65,5.2
0.57,"Premium","G","VS2",62.1,57,1728,5.3,5.27,3.28
0.9,"Very Good","H","VVS2",62.9,58,4186,6.1,6.15,3.85
0.38,"Ideal","E","VS2",61.9,57,751,4.61,4.66,2.87
1.34,"Ideal","D","I1",61.7,55,6303,7.12,7.08,4.38
0.41,"Very Good","E","VVS2",61.6,60,1249,4.75,4.77,2.93
0.35,"Ideal","E","VS1",61.5,57,718,4.52,4.55,2.79
2.14,"Very Good","E","SI2",61.5,58,18125,8.24,8.31,5.09
0.5,"Very Good","D","SI1",61,61,1436,5.08,5.11,3.11
0.33,"Premium","G","VS2",62.6,58,743,4.44,4.41,2.77
0.41,"Very Good","F","SI1",63.4,57,904,4.74,4.73,3
0.5,"Very Good","G","VVS1",63.7,58,2180,5.01,5.04,5.06
0.23,"Ideal","G","VVS1",61.9,58,536,3.93,3.96,2.44
0.51,"Ideal","G","SI2",62.1,56,1148,5.1,5.13,3.18
1.03,"Premium","D","SI2",61.3,61,4764,6.49,6.46,3.97
0.32,"Ideal","E","VS2",62.3,57,702,4.41,4.42,2.75
0.9,"Good","E","SI1",63.8,61,3391,6.05,6.08,3.87
1.04,"Ideal","G","VVS2",61.5,57,9465,6.51,6.54,4.01
0.37,"Ideal","H","VVS1",62.3,56,810,4.56,4.59,2.85
1.21,"Ideal","I","VS1",60.3,60,6279,6.89,6.93,4.17
0.42,"Ideal","F","VS1",60.9,57,1103,4.88,4.84,2.96
0.7,"Ideal","G","SI2",62.4,55,2232,5.66,5.72,3.55
0.53,"Ideal","F","SI2",60.3,56,1335,5.25,5.3,3.18
1.5,"Premium","F","VS2",61.5,58,14586,7.32,7.34,4.51
0.9,"Premium","F","VS2",58.7,59,4234,6.34,6.3,3.71
0.91,"Fair","H","SI1",65.8,58,2854,6.04,6.01,3.96
0.4,"Ideal","D","VS2",62.8,57,1050,4.72,4.68,2.95
2.01,"Very Good","I","SI2",59.5,58,13669,8.18,8.21,4.88
0.32,"Ideal","E","VS1",61.1,56,713,4.42,4.45,2.71
1.03,"Premium","E","SI2",61.8,59,4758,6.42,6.47,3.98
0.51,"Good","F","SI1",63.6,58,1308,5.05,5.08,3.22
1.25,"Good","F","VS2",63.9,58,6440,6.76,6.71,4.31
1.04,"Ideal","F","I1",61.6,57,3718,6.51,6.46,4
1.53,"Very Good","F","SI1",61.9,56,12621,7.45,7.32,4.57
1,"Very Good","F","VS2",62.9,55,6352,6.34,6.38,4
1.26,"Premium","H","SI2",60.9,57,5434,7.03,6.96,4.26
0.3,"Good","I","SI1",63.4,57,394,4.23,4.25,2.69
0.32,"Premium","D","VVS1",62,60,910,4.37,4.4,2.72
2.01,"Very Good","H","SI1",60.6,62,16582,8.05,8.08,4.89
0.56,"Ideal","D","VS1",61.7,56,2026,5.33,5.3,3.28
1.54,"Good","J","SI1",62.9,62,7349,7.3,7.36,4.61
1.56,"Ideal","H","VS2",62.2,56,12864,7.45,7.47,4.64
0.73,"Ideal","E","VS2",61.7,57,3470,5.75,5.78,3.55
0.38,"Ideal","E","SI1",61,56,694,4.68,4.69,2.86
2.15,"Premium","G","SI2",59.7,60,13317,8.4,8.37,5.01
0.31,"Ideal","F","VVS1",60.6,56,1140,4.44,4.41,2.68
2.18,"Very Good","G","SI2",61,60,17475,8.29,8.33,5.07
0.3,"Good","J","VS1",63.4,55,394,4.25,4.3,2.71
1,"Very Good","E","VVS2",59.5,59,9139,6.54,6.58,3.9
0.75,"Premium","I","SI1",62.7,61,2142,5.75,5.71,3.59
1.01,"Very Good","G","VVS1",63.1,59,7412,6.42,6.33,4.02
0.57,"Ideal","D","VS2",62.1,56,1864,5.29,5.34,3.3
0.39,"Premium","E","VVS2",59.5,58,1126,4.77,4.74,2.83
0.6,"Ideal","G","VS1",60.2,57,2109,5.49,5.54,3.32
0.39,"Ideal","G","VVS1",62,56,978,4.66,4.7,2.9
0.7,"Premium","E","VS2",63,60,2818,5.64,5.6,3.54
1.31,"Premium","H","SI2",61.4,60,6236,7.04,7,4.31
0.3,"Very Good","G","IF",62.6,56,863,4.27,4.29,2.68
2.01,"Fair","E","SI2",65.5,56,11156,7.84,7.79,5.12
1,"Good","F","SI1",64,57,4372,6.29,6.33,4.04
1.73,"Premium","D","SI1",60.6,59,12770,7.76,7.68,4.68
0.32,"Ideal","G","VVS1",60.8,56,1080,4.44,4.37,2.68
0.4,"Ideal","E","SI1",62.7,57,945,4.72,4.69,2.95
0.31,"Ideal","D","SI1",61.9,57,571,4.33,4.36,2.69
0.66,"Ideal","D","VVS2",61.6,57,3103,5.57,5.64,3.45
1.24,"Very Good","J","SI1",61.6,60,5045,6.89,6.95,4.26
0.38,"Ideal","F","VS1",61.3,56,1116,4.68,4.72,2.88
1.04,"Premium","E","SI2",61.6,59,4240,6.57,6.55,4.04
0.72,"Very Good","J","VS1",62.8,58,2066,5.71,5.73,3.59
0.72,"Ideal","G","VS2",61,55,3547,5.81,5.83,3.55
0.55,"Premium","H","VS2",62.1,58,1363,5.24,5.29,3.27
1.27,"Very Good","J","VS2",62.7,58,5530,6.88,6.91,4.32
0.3,"Premium","J","VS1",62.6,60,506,4.28,4.22,2.66
1.02,"Ideal","D","VS1",60.8,55,8818,6.55,6.5,3.97
1.51,"Premium","H","SI2",60.7,59,5767,7.42,7.37,4.49
